WordType,Word
Mod,diagnostic
Key,feature
Key,substancemedication
Mod,depressive
Mod,major
Key,ingestion
Key,injection
Key,inhalation
Key,substance
Key,drug
Key,abuse
Key,toxin
Mod,psychotropic
Key,medication
Key,length
Mod,physiological
Key,effect
Key,intoxication
Key,withdrawal
Mod,clinical
Mod,physical
Key,examination
Key,laboratory
Key,finding
Mod,relevant
Key,month
Mod,capable
Key,addition
Mod,better
Mod,independent
Key,onset
Mod,substantial
Key,cessation
Key,existence
Mod,exclusively
Key,course
Key,delirium
Mod,clinically
Mod,significant
Key,distress
Key,impairment
Mod,social
Mod,occupational
Mod,important
Key,area
Key,stimulant
Key,steroid
Key,dopa
Key,antibiotic
Mod,central
Mod,nervous
Key,system
Mod,dermatological
Key,agent
Mod,chemotherapeutic
Mod,immunological
Mod,agents)can
Key,mood
Key,disturbance
Key,judgment
Mod,essential
Mod,truly
Mod,primary
Key,person
Key,treatment
Key,example
Key,episode
Key,week
Key,alpha
Key,methyldopa
Mod,antihypertensive
Key,case
Mod,previously
Key,condition
Key,recurrent
Mod,coincidentally
Key,capacity
Mod,oral
Key,contraceptive
Key,clinician
Mod,causative
Mod,particular
Key,situation
Key,factor
Mod,prior
Key,state
Mod,relatively
Mod,intense
Key,attention
Key,deficithyperactivity
Mod,persistent
Key,pattern
Key,inattention
Key,andor
Key,hyperactivity
Key,impulsivity
Key,functioning
Key,development
Key,manifest
Mod,behaviorally
Key,task
Key,persistence
Key,difficulty
Key,focus
Key,defiance
Key,comprehension
Mod,excessive
Key,motor
Key,activity
Key,child
Mod,appropriate
Key,fidgeting
Key,tapping
Key,talkativeness
Key,adult
Mod,extreme
Key,restlessness
Mod,hasty
Key,action
Key,moment
Key,forethought
Mod,high
Key,potential
Key,harm
Key,street
Key,desire
Mod,immediate
Key,reward
Key,inability
Key,gratification
Key,behavior
Key,intrusiveness
Mod,excessively
Key,decision
Key,consideration
Key,term
Key,consequence
Mod,adequate
Key,information
Key,childhood
Key,requirement
Mod,present
Key,importance
Key,presentation
Mod,early
Mod,precise
Mod,retrospectively
Key,recall
Mod,unreliable
Mod,beneficial
Mod,ancillary
Key,setting
Key,home
Key,school
Key,work
Mod,typically
Mod,accurately
Key,informant
Key,context
Mod,minimal
Mod,absent
Mod,frequent
Mod,close
Key,supervision
Mod,novel
Mod,especially
Mod,interesting
Mod,consistent
Mod,external
Key,stimulation
Mod,electronic
Key,screen
Key,office
Mod,posttraumatic
Key,stress
Mod,characteristic
Key,exposure
Mod,traumatic
Key,event
Key,reaction
Key,fear
Key,helplessness
Key,horror
Mod,longer
Mod,experiencing
Mod,emotional
Mod,behavioral
Mod,donic
Mod,dysphoric
Mod,negative
Key,cognition
Mod,distressing
Key,arousal
Mod,reactive
Mod,prominent
Mod,dissociative
Key,combination
Mod,directly
Mod,experienced
Mod,limited
Key,war
Mod,combatant
Mod,civilian
Mod,threatened
Mod,actual
Key,assault
Key,attack
Key,robbery
Key,mugging
Mod,sexual
Key,violence
Key,penetration
Key,alcoholdrug
Mod,abusive
Key,contact
Key,trafficking
Key,hostage
Mod,terrorist
Key,torture
Key,incarceration
Key,prisoner
Mod,natural
Key,human
Key,disaster
Mod,severe
Key,vehicle
Key,accident
Mod,sexually
Mod,violent
Mod,developmentally
Mod,inappropriate
Key,experience
Key,injury
Key,life
Key,illness
Mod,medical
Mod,necessarily
Key,incident
Mod,sudden
Mod,catastrophic
Key,surgery
Mod,anaphylactic
Key,shock
Mod,unnatural
Key,death
Mod,domestic
Key,catastrophe
Key,hemorrhage
Key,relative
Key,friend
Mod,accidental
Mod,personal
Key,suicide
Key,stressor
Mod,interpersonal
Mod,intentional
Key,way
Mod,involuntary
Mod,intrusive
Key,recollection
Key,rumination
Key,memory
Key,emphasis
Mod,usually
Mod,sensory
Key,component
Mod,common
Key,reexperiencing
Key,dream
Mod,representative
Mod,thematically
Key,threat
Key,second
Key,hour
Key,continuum
Mod,brief
Mod,visual
Key,intrusion
Key,loss
Key,reality
Key,orientation
Key,awareness
Key,surrounding
Key,flashback
Mod,prolonged
Mod,young
Key,reenactment
Key,trauma
Key,play
Mod,psychological
Key,reactivity
Key,aspect
Mod,windy
Key,hurricane
Key,perpetrator
Key,cue
Key,sensation
Key,dizziness
Key,survivor
Key,head
Mod,rapid
Key,heartbeat
Mod,particularly
Mod,highly
Mod,somatic
Mod,persistently
Mod,commonly
Mod,deliberate
Key,effort
Key,thought
Key,feeling
Key,distraction
Key,technique
Mod,internal
Key,reminder
Key,object
Key,people
Key,alteration
Key,form
Key,amnesia
Key,alcohol
Key,expectation
Key,future
Mod,bad
Key,authority
Key,change
Key,identity
Mod,erroneous
Key,fault
Key,uncle
Key,anger
Key,guilt
Key,shame
Mod,markedly
Key,interest
Key,participation
Mod,positive
Key,emotion
Mod,happiness
Key,joy
Key,satisfaction
Key,intimacy
Key,tenderness
Key,sexuality
Mod,quick
Mod,aggressive
Mod,verbal
Mod,little
Key,provocation
Key,fight
Mod,reckless
Mod,selfdestructive
Mod,dangerous
Key,driving
Mod,injurious
Mod,suicidal
Mod,heightened
Key,sensitivity
Mod,sensitive
Key,car
Key,truck
Mod,fearful
Key,heart
Mod,unexpected
Key,stimulus
Mod,startle
Key,response
Key,jumpiness
Mod,loud
Key,noise
Key,movement
Key,telephone
Key,ringing
Mod,daily
Key,number
Mod,focused
Key,conversation
Mod,sustained
Key,sleep
Key,maintenance
Key,nightmare
Key,safety
Key,concern
Mod,generalized
Mod,elevated
Key,detachment
Key,body
Key,depersonalization
Key,world
Key,derealization
Mod,specifi
